test_example_id,predicted_category
0,f
1,m
2,f
3,m
4,f
5,m
6,m
7,f
8,m
9,m
10,m
11,m
12,m
13,m
14,f
15,f
16,m
17,m
18,m
19,m
20,m
21,m
22,m
23,m
24,m
25,m
26,m
27,m
28,m
29,m
30,f
31,f
32,f
33,m
34,m
35,f
36,m
37,m
38,f
39,m
40,m
41,m
42,m
43,f
44,m
45,m
46,m
47,m
48,m
49,m
50,f
51,m
52,f
53,f
54,m
55,f
56,f
57,m
58,m
59,m
60,m
61,f
62,m
63,m
64,f
65,f
66,m
67,f
68,m
69,m
70,m
71,m
72,m
73,f
74,f
75,m
76,m
77,m
78,m
79,f
80,m
81,m
82,m
83,f
84,m
85,m
86,m
87,f
88,f
89,m
90,m
91,m
92,m
93,f
94,m
95,f
96,m
97,m
98,m
99,f
100,f
101,m
102,m
103,m
104,f
105,f
106,m
107,f
108,f
109,m
110,m
111,f
112,m
113,m
114,m
115,m
116,m
117,m
118,f
119,m
120,m
121,f
122,m
123,m
124,m
125,f
126,m
127,m
128,m
129,m
130,m
131,m
132,m
133,m
134,m
135,m
136,m
137,m
138,m
139,m
140,m
141,f
142,m
143,f
144,m
145,m
146,m
147,m
148,m
149,m
150,m
151,f
152,f
153,f
154,m
155,m
156,m
157,m
158,m
159,f
160,m
161,m
162,m
163,m
164,m
165,m
166,m
167,m
168,m
169,f
170,m
171,m
172,m
173,m
174,m
175,m
176,m
177,m
178,f
179,m
180,m
181,m
182,m
183,m
184,f
185,m
186,m
187,m
188,m
189,m
190,m
191,f
192,m
193,m
194,f
195,m
196,m
197,f
198,m
199,m
200,m
201,m
202,f
203,m
204,m
205,m
206,m
207,f
208,m
209,m
210,f
211,m
212,m
213,m
214,f
215,f
216,f
217,f
218,m
219,m
220,f
221,m
222,m
223,m
224,m
225,m
226,m
227,f
228,m
229,m
230,m
231,m
232,m
233,m
234,f
235,m
236,f
237,m
238,m
239,m
240,m
241,f
242,f
243,m
244,m
245,m
246,m
247,m
248,f
249,m
250,m
251,f
252,m
253,f
254,m
255,f
256,m
257,m
258,f
259,m
260,m
261,f
262,m
263,m
264,m
265,m
266,m
267,m
268,m
269,m
270,m
271,m
272,m
273,m
274,m
275,m
276,m
277,m
278,m
279,m
280,f
281,m
282,m
283,m
284,f
285,f
286,f
287,m
288,f
289,f
290,m
291,f
292,m
293,f
294,m
295,m
296,m
297,m
298,m
299,m
300,f
301,m
302,f
303,m
304,f
305,m
306,m
307,m
308,f
309,m
310,m
311,f
312,m
313,m
314,m
315,m
316,f
317,f
318,m
319,m
320,f
321,m
322,m
